[
  {
    "res": "مرحبا بك, كيف يمكنني خدمتك ؟",
    "options": [
      {
        "label": "أين مكانكم ؟",
        "keywords": ["مكن", "تقع", "اين", "قيم"],
        "res_id": 1
      },
      {
        "label": "أريد حجز غرفة",
        "keywords": ["حجز"],
        "res_id": 2
      },
      {
        "label": "أريد أن أعرف أسعار الغرف",
        "keywords": ["سعر", "مبلغ", "دفع"],
        "res_id": 3
      }
    ]
  },
  {
    "res": "نحن نتواجد في الاسكندرية والغردقة وشرم الشيخ .. أين تريد أن تقيم؟",
    "options": [
      {
        "label": "الاسكندرية",
        "keywords": ["مكن", "قيم"],
        "res_id": 4
      },
      {
        "label": "الغردقة",
        "keywords": ["مكن", "قيم"],
        "res_id": 4
      },
      {
        "label": "شرم الشيخ",
        "keywords": ["مكن", "قيم"],
        "res_id": 4
      }
    ]
  },
  {
    "res": "أتريد حجز غرفة فردية ام زوجية؟",
    "options": [
      {
        "label": "أريد حجز غرفة فردية",
        "keywords": ["حجز", "فرد"],
        "res_id": 7
      },
      {
        "label": "أريد حجز غرفة زوجية",
        "keywords": ["حجز", "زوج"],
        "res_id": 7
      }
    ]
  },
  {
    "res": "أتريد معرفة أسعار الغرف الفردية ام الزوجية؟",
    "options": [
      {
        "label": "أريد أن أعرف أسعار الغرفة الفردية",
        "keywords": ["سعر", "فرد"],
        "res_id": 5
      },
      {
        "label": "أريد أن أعرف أسعار الغرفة الزوجية",
        "keywords": ["سعر", "زوج"],
        "res_id": 6
      }
    ]
  },
  {
    "res": "أتريد معرفة أسعار الغرف ام تريد ان تحجز غرفة؟",
    "options": [
      {
        "label": "أريد حجز غرفة",
        "keywords": ["حجز"],
        "res_id": 2
      },
      {
        "label": "أريد أن أعرف أسعار الغرف",
        "keywords": ["سعر"],
        "res_id": 3
      }
    ]
  },
  {
    "res": "أسعار الغرف الفردية تبدأ من 500 جنية لليلة",
    "options": [
      {
        "label": "أريد حجز غرفة فردية",
        "keywords": ["حجز", "فرد"],
        "res_id": 7
      },
      {
        "label": "أريد حجز غرفة زوجية",
        "keywords": ["حجز", "زوج"],
        "res_id": 7
      },
      {
        "label": "أريد أن أعرف أسعار الغرفة الزوجية",
        "keywords": ["سعر", "زوج"],
        "res_id": 6
      }
    ]
  },
  {
    "res": "أسعار الغرف الزوجية تبدأ من 750 جنية لليلة",
    "options": [
      {
        "label": "أريد حجز غرفة زوجية",
        "keywords": ["حجز", "زوج"],
        "res_id": 7
      },
      {
        "label": "أريد حجز غرفة فردية",
        "keywords": ["حجز", "فرد"],
        "res_id": 7
      },
      {
        "label": "أريد أن أعرف أسعار الغرفة الفردية",
        "keywords": ["سعر", "فرد"],
        "res_id": 5
      }
    ]
  },
  {
    "res": "تم الحجز",
    "options": [
      {
        "label": "خروج",
        "keywords": ["نهى"],
        "res_id": -1
      },
      {
        "label": "إعادة المحاولة",
        "keywords": ["عود"],
        "res_id": 0
      }
    ]
  }
]
